site,wildtype,AAA,AAC,AAG,AAT,ACA,ACC,ACG,ACT,AGA,AGC,AGG,AGT,ATA,ATC,ATG,ATT,CAA,CAC,CAG,CAT,CCA,CCC,CCG,CCT,CGA,CGC,CGG,CGT,CTA,CTC,CTG,CTT,GAA,GAC,GAG,GAT,GCA,GCC,GCG,GCT,GGA,GGC,GGG,GGT,GTA,GTC,GTG,GTT,TAA,TAC,TAG,TAT,TCA,TCC,TCG,TCT,TGA,TGC,TGG,TGT,TTA,TTC,TTG,TTT
68,TTC,0,0,0,0,0,0,0,0,0,0,0,0,0,0,0,0,0,0,0,0,0,0,0,0,0,0,0,0,0,0,0,0,0,0,0,0,0,0,0,0,0,0,0,0,0,0,0,0,0,0,0,0,0,0,0,0,0,0,0,0,0,0,0,0
69,CCT,0,0,0,1,0,1,0,2232,0,0,0,0,0,0,0,0,0,0,0,6758,1,31,0,422109,0,0,0,27,0,0,0,94,0,0,0,0,0,0,0,25,0,0,0,0,0,0,0,0,0,0,0,0,0,0,0,127,0,0,0,0,0,0,0,0
70,CAG,0,0,4693,1,0,0,0,0,0,0,0,0,0,0,0,0,26,1,426009,183,0,0,1,0,0,0,16,0,0,0,0,0,0,0,11,0,0,0,0,0,0,0,0,0,0,0,0,0,0,0,77,0,1,0,0,0,0,0,0,0,0,0,0,0
71,ATC,0,0,0,0,0,4,0,0,0,0,0,0,434,430581,1,39,0,0,0,0,0,0,0,0,0,0,0,0,0,0,0,0,0,0,0,1,0,0,0,0,0,0,0,0,0,0,0,0,0,0,0,0,0,0,0,0,0,0,0,0,0,1,0,0
72,ACT,0,0,0,114,3,9,2,431456,0,0,0,0,0,0,0,16,0,1,0,0,0,0,0,0,0,0,0,0,0,0,0,0,0,0,0,0,0,0,0,2,0,0,0,0,0,0,0,0,0,0,0,0,0,0,0,0,0,0,0,0,0,0,0,0
73,CTT,0,0,0,0,0,0,0,0,0,0,0,0,0,0,0,6341,0,0,0,4,0,0,0,17,0,0,0,3,0,6,1,425188,0,0,0,0,0,0,0,0,0,0,0,0,0,0,0,12,0,0,0,0,0,0,0,1,0,0,0,0,0,0,0,6
74,TGG,0,0,0,0,0,0,0,0,0,0,2,0,0,0,0,0,0,0,0,0,0,0,0,0,0,0,7,0,0,0,0,0,0,0,0,0,0,0,0,0,0,0,0,0,0,0,0,0,0,0,132,0,0,0,5,0,98,2,429068,495,0,0,921,0
75,CAA,3206,0,0,0,0,0,0,0,0,0,0,0,0,0,0,0,426871,0,16,1,0,0,0,0,16,0,0,0,0,0,0,0,2,0,0,0,1,0,0,0,0,0,0,0,0,0,0,0,203,0,0,0,0,0,0,0,0,0,0,0,0,0,0,0
76,CGA,0,0,0,0,0,0,1,0,282,0,0,0,0,0,0,0,715,0,0,0,5,0,0,0,426602,0,3,1,2153,0,0,0,0,0,0,0,0,0,0,0,2,0,0,0,0,0,0,0,0,0,0,0,0,0,0,0,1182,0,0,0,1,0,0,0
77,CCC,0,0,0,0,8,747,0,0,0,0,0,0,0,0,0,0,1,9159,1,0,13500,407656,45,137,0,59,0,0,1,186,0,0,0,0,0,0,0,0,0,0,0,0,0,0,0,0,0,0,0,0,0,0,0,96,0,0,0,0,0,0,0,4,0,0
78,CTC,0,0,0,0,0,0,0,0,0,0,0,0,29,4218,0,1,0,3,0,0,0,5,0,1,0,0,0,0,7258,418954,7,419,0,0,0,0,0,0,0,0,0,0,0,0,0,35,0,0,0,0,0,0,0,0,0,0,0,0,0,0,0,96,0,0
79,GTC,0,0,0,0,0,0,0,0,0,0,0,0,0,651,0,0,0,0,0,0,0,0,0,0,0,0,0,1,0,3,0,0,0,0,0,0,0,21,0,0,0,0,0,0,1748,428619,0,63,0,0,0,0,0,0,0,0,0,0,0,0,0,250,0,0
80,ACA,183,0,0,0,431060,0,6,0,0,0,0,0,60,0,0,0,0,1,0,0,1,0,0,0,0,0,0,0,0,0,0,0,0,0,0,0,1,0,0,0,0,0,0,0,0,0,0,0,0,0,0,0,1,0,0,0,0,0,0,0,0,0,0,0
81,ATA,1,0,0,1,1,0,0,0,0,0,0,0,431135,0,27,0,0,0,0,0,0,0,0,0,0,0,0,0,0,0,0,0,0,0,0,0,0,0,0,0,0,0,0,0,4,0,0,0,0,0,0,0,0,0,0,0,0,0,0,0,1,0,0,0
82,AAG,33,0,429887,620,0,0,2,0,0,0,11,0,0,0,3,0,0,0,1,0,0,0,0,0,0,0,0,0,0,0,0,0,0,0,17,0,0,0,0,0,0,0,0,0,0,0,0,0,0,0,3,0,0,0,0,0,0,0,0,0,0,0,0,0
83,ATA,0,0,0,0,1,0,0,0,0,0,0,0,430231,2,85,3,0,0,0,0,0,0,0,0,0,0,0,0,0,0,0,0,0,0,0,1,0,0,0,0,0,0,0,0,9,0,0,0,0,0,0,0,0,0,0,0,0,0,0,0,7,0,0,0
84,GGG,0,0,0,0,0,0,0,0,0,0,93,0,0,0,0,0,0,0,0,0,0,0,0,0,0,0,14,0,0,0,0,0,1,0,301,0,0,0,26,0,811,25,420589,1921,0,0,3365,0,0,0,0,0,0,0,0,0,0,0,3075,8,0,0,0,0
85,GGG,0,0,3,0,0,0,0,0,0,0,1017,0,0,0,1,0,0,0,0,0,0,0,0,0,0,0,28,0,0,0,0,0,2,1,779,1,0,0,9,0,365,8,417504,996,2,0,2198,0,0,0,0,0,0,0,0,0,0,0,7542,16,0,0,0,0
86,CAA,5670,8,0,0,0,0,0,0,0,0,0,0,0,0,0,0,424930,0,7,3,1,0,0,0,14,0,0,0,0,0,0,0,4,0,0,0,9,0,0,0,0,0,0,0,0,0,0,0,197,0,0,0,0,0,0,0,0,0,0,0,0,0,0,0
87,CTA,0,0,0,0,0,0,0,10,0,0,0,0,94,0,0,0,1,0,0,0,9,0,0,0,0,0,0,0,431130,0,4,0,0,0,0,0,0,0,0,0,0,0,0,0,1,0,0,0,5,0,0,0,0,0,0,0,0,0,0,0,11,0,0,0
88,AAG,52,5,430148,414,0,0,1,0,0,0,18,0,0,0,3,0,0,0,0,0,0,0,0,0,0,0,0,0,0,0,0,0,0,0,5,0,0,0,0,0,0,0,0,0,0,0,0,0,0,0,2,0,0,0,0,0,0,0,0,0,0,0,0,0
89,GAA,83,0,11,0,0,0,0,0,0,0,0,0,0,0,0,0,0,0,0,0,0,0,0,0,0,0,0,0,0,0,0,0,429753,0,18,5,0,0,0,0,23,0,0,0,3,0,0,0,160,0,0,0,0,0,0,0,0,0,0,0,0,0,0,0
90,GCT,0,0,0,0,0,0,0,34,0,10,0,0,0,0,0,0,0,0,0,0,0,0,0,0,0,0,0,0,0,9,0,0,0,0,0,1253,4,10,1,428916,0,0,0,0,0,0,0,22,0,0,0,1,0,0,0,746,0,0,0,0,0,0,0,0
91,CTA,0,0,0,0,0,0,0,0,0,0,0,0,737,0,0,0,1,0,0,0,23,0,0,0,0,0,0,0,430104,0,3,1,0,0,0,0,0,0,0,0,0,0,0,0,3,0,0,0,0,0,0,9,0,0,0,5,0,0,0,0,12,0,0,0
92,TTA,0,0,0,0,0,0,0,0,0,0,0,0,2,0,0,7,0,0,0,0,0,0,0,0,0,0,0,0,1,0,0,0,0,0,0,0,0,0,0,0,0,0,0,0,0,0,0,0,0,0,9,0,2,0,0,0,1,0,0,0,431271,3,62,4
93,GAT,0,0,0,16,0,0,0,0,11,0,0,0,10,0,0,0,0,0,0,0,0,0,0,0,0,0,0,0,0,0,0,0,0,2,0,429899,0,0,0,1,0,0,0,14,0,0,0,1,0,0,0,853,0,0,0,0,0,0,0,0,0,0,0,0
94,ACA,382,0,0,0,429570,4,108,6,2,0,0,0,238,0,0,0,0,0,13,0,0,0,0,0,0,0,0,0,0,0,0,0,0,0,0,0,17,0,0,0,0,0,0,0,0,0,0,0,0,8,0,0,0,0,0,0,0,0,0,0,0,0,0,0
95,GGA,0,0,0,0,0,0,0,0,80,0,12,0,0,0,0,0,0,0,0,0,0,0,0,0,6,0,0,0,0,0,0,0,190,0,10,0,2,0,0,0,428605,0,28,20,1075,0,0,0,0,0,0,0,0,0,0,0,664,0,0,0,0,0,0,0
96,GCA,0,0,0,0,62,0,0,0,0,10,0,0,0,0,0,0,0,0,13,0,1,0,0,0,0,0,0,0,0,0,0,0,1388,0,0,0,428583,4,42,3,0,0,0,0,132,0,0,0,0,0,0,0,520,0,0,0,0,0,0,0,0,0,0,0
97,GAT,0,0,0,21,0,0,0,0,12,0,0,0,0,0,11,0,0,0,0,3,0,0,0,0,0,0,0,0,0,0,0,0,2,7,0,429649,0,0,0,1,0,0,0,14,0,0,0,0,0,0,0,842,0,0,0,0,0,0,0,0,0,0,0,0
98,GAT,0,0,0,110,0,0,0,0,0,0,0,0,12,0,0,0,0,0,0,3,0,0,0,0,0,0,0,0,0,0,0,0,0,4,0,429042,0,0,0,0,0,0,0,2,0,0,0,1,0,0,0,1174,0,0,0,0,12,0,0,0,0,0,0,0
99,ACA,327,0,0,0,429432,5,45,5,1,0,0,0,214,0,0,0,0,0,11,0,0,0,0,0,0,0,0,0,0,0,0,0,0,0,0,0,23,0,0,0,0,0,0,0,0,0,0,0,0,6,0,0,0,0,0,0,0,0,0,0,0,0,0,0
100,GTA,0,0,0,0,0,0,0,0,0,0,0,9,48,0,0,0,0,0,0,0,0,0,0,0,0,0,0,0,0,0,0,0,0,0,0,0,5,0,0,0,0,0,0,0,430798,0,4,1,0,0,0,11,0,0,0,0,0,0,0,0,119,0,0,0
101,TTA,0,0,0,0,0,0,0,0,0,0,0,0,1,0,0,8,0,0,0,0,0,0,0,0,0,0,0,0,7,0,0,0,0,0,0,0,0,0,0,0,0,0,0,0,0,0,0,0,1,0,13,0,2,0,0,0,0,0,0,0,431021,0,44,2
102,GAA,20,0,13,0,0,0,0,0,12,0,0,0,0,0,0,0,0,0,0,0,0,0,0,0,0,0,0,0,0,0,0,0,430289,0,19,13,0,0,0,0,16,0,0,0,10,0,0,0,681,0,0,0,0,0,0,0,0,0,0,0,0,0,0,0
103,GAA,45,0,0,0,0,0,0,0,12,0,0,0,0,0,0,0,1,0,0,0,0,0,0,0,0,0,0,0,0,0,0,0,430342,0,9,5,0,0,0,0,4,0,0,0,3,0,0,0,540,0,0,0,0,0,0,0,0,0,0,0,0,0,0,0
104,ATG,0,0,0,11,0,0,3,0,0,0,0,0,109,4,429382,1053,0,0,0,0,0,0,0,0,0,0,0,0,0,0,0,0,0,0,0,0,0,0,0,0,0,0,0,0,0,0,3,0,0,0,0,0,0,0,0,0,12,0,0,0,0,0,1,0
105,AGT,0,0,0,59,0,0,0,0,0,4,0,430964,0,0,0,67,0,0,0,0,0,0,0,0,0,0,0,0,0,0,0,0,0,0,9,0,0,0,0,0,0,0,0,33,0,0,0,13,0,0,0,0,0,0,0,0,0,0,0,6,0,0,0,0
106,TTG,0,0,0,0,0,0,0,0,0,0,0,0,0,0,0,0,0,0,0,0,0,0,0,0,0,0,0,0,0,0,1,0,0,0,0,0,0,0,0,0,0,0,0,0,0,0,1,0,0,0,0,0,0,0,1,0,0,14,0,0,51,1,429264,1601
107,CCA,2,0,0,0,1090,0,0,0,0,0,0,0,0,0,0,0,5692,1,11,0,422332,4,106,6,20,0,0,0,145,0,0,0,0,0,0,0,3,10,0,0,0,0,0,0,0,0,0,0,1,0,0,0,210,0,0,0,0,0,0,0,0,0,0,0
108,GGA,0,0,0,0,0,0,0,0,48,0,11,0,0,0,0,0,0,0,0,0,0,0,0,0,21,0,0,0,0,0,0,0,112,0,0,0,2,0,0,0,427171,1,44,12,922,0,0,0,0,0,0,0,0,0,0,0,2354,0,0,0,0,0,0,0
109,AGA,28,0,11,0,0,0,0,0,429480,0,14,1,1066,0,0,0,0,0,0,0,0,0,0,0,0,0,0,0,0,0,0,0,0,0,0,14,0,0,0,0,18,0,0,0,0,0,0,0,0,0,0,0,0,0,0,0,21,0,0,0,0,0,0,0
110,TGG,0,0,0,0,0,0,0,0,0,0,0,0,0,0,11,0,0,0,0,0,0,0,0,0,0,0,7,0,0,0,0,0,0,0,0,0,0,0,0,0,14,0,0,0,0,0,0,0,3,0,484,0,0,0,19,0,153,2,428127,551,0,0,1296,1
111,AAA,431067,15,6,1,0,0,0,0,5,0,0,0,21,0,0,0,0,0,0,0,0,0,0,0,0,0,0,0,0,0,0,0,48,0,0,0,0,0,0,0,0,0,0,0,0,0,0,0,8,0,0,0,0,0,0,0,0,0,0,0,0,0,0,0
112,CCA,0,0,0,0,245,12,0,0,0,0,0,0,0,0,0,0,3437,0,0,0,427370,14,3,0,16,0,0,0,28,0,0,0,0,0,0,0,1,0,0,0,0,0,0,0,0,0,0,0,0,0,0,0,16,0,0,0,0,0,0,0,0,0,0,0
113,AAA,431785,0,2,5,0,0,0,0,8,0,0,0,3,0,0,0,0,0,0,0,0,0,0,0,0,0,0,0,0,0,0,0,5,0,0,0,0,0,0,0,0,0,0,0,0,0,0,0,1,0,0,0,0,0,0,0,0,0,0,0,0,0,0,0
114,ATG,0,0,0,35,0,0,146,0,0,0,0,0,55,0,408831,905,0,0,0,0,0,0,0,0,0,0,0,0,0,0,0,0,0,0,0,0,0,0,0,0,0,0,0,0,0,0,2,0,0,0,0,0,0,0,0,0,438,0,0,0,3,0,0,0
115,ATA,0,0,0,0,1,0,0,0,1,0,0,0,428029,0,80,2,0,0,0,0,0,0,0,0,0,0,0,0,1,0,0,0,0,0,0,29,0,0,0,0,0,0,0,0,18,0,0,0,0,0,454,5,0,0,0,0,0,0,0,0,0,0,0,0
116,GGG,0,0,0,0,0,0,0,0,1,0,127,2,0,0,1,0,0,0,0,0,0,0,0,0,0,0,21,1,0,0,0,0,1,0,282,1,0,0,30,0,712,39,414993,3571,0,0,6514,0,0,0,0,0,0,0,0,0,0,0,3854,31,0,0,1,0
117,GGA,2,0,0,0,0,0,0,0,815,0,0,0,1,0,0,0,0,0,0,0,0,0,0,0,11,0,0,0,0,0,0,0,839,0,0,0,1,0,0,0,423652,1,227,7,1994,0,0,0,3,0,0,0,0,0,0,0,2177,0,0,0,0,0,0,0
118,ATT,0,0,0,171,0,0,0,1,0,0,0,0,1,12,1,429239,0,0,0,0,0,0,0,0,0,0,0,0,0,0,0,0,0,0,0,0,0,0,0,0,0,0,0,0,0,0,0,23,0,0,0,0,0,0,0,0,0,0,0,0,0,0,455,5
119,GGA,1,0,0,0,0,0,0,0,144,0,0,0,0,0,0,0,0,0,0,0,0,0,0,0,14,0,0,0,0,0,0,0,52,0,502,3,2,0,0,0,426142,3,85,15,513,0,0,0,0,0,1,0,0,0,0,0,1346,0,176,0,1,0,0,0
120,GGT,0,0,0,0,0,0,0,0,0,0,173,172,0,0,0,0,0,0,0,0,0,0,0,0,0,0,0,5,0,0,0,0,0,0,0,72,0,0,0,0,1,2,0,425407,0,0,0,742,0,0,0,0,0,0,0,0,0,0,0,2282,0,0,0,1
121,TTT,0,0,0,0,0,0,0,0,0,0,0,0,0,0,0,2,0,0,0,0,0,0,0,0,0,0,0,0,0,0,0,4,0,0,0,0,0,0,0,0,0,0,0,0,0,0,0,0,0,0,0,3,0,0,0,14,0,0,0,2,500,35,0,429495
122,ATC,0,2,0,0,0,5,0,0,0,0,0,0,2017,426305,5,16,0,0,0,0,0,0,0,0,0,0,0,0,0,0,0,0,0,0,0,0,0,0,0,0,0,0,0,0,0,4,0,0,0,0,0,158,490,0,0,0,0,0,0,0,0,0,0,0
123,AAA,430537,2,10,9,0,0,0,0,8,0,0,0,2,0,0,0,174,0,0,0,0,0,0,0,0,0,0,0,0,0,0,0,37,0,0,0,0,0,0,0,0,0,0,0,0,0,0,0,3,0,0,0,0,0,0,0,0,0,0,0,0,0,0,0
124,GTA,0,0,0,0,0,0,0,0,0,0,0,0,48,0,0,0,0,0,0,0,0,0,0,0,0,0,0,0,0,0,0,0,1,0,0,0,4,0,0,0,0,0,0,18,430044,1,24,1,0,0,0,0,0,0,0,0,0,0,0,0,87,0,0,0
125,AGA,17,0,16,0,0,0,0,0,430285,0,23,1,788,0,0,0,0,0,0,0,0,0,0,0,1,0,0,0,0,0,0,0,0,3,0,0,0,0,0,0,29,0,0,0,1,0,0,0,2,0,0,0,1,0,0,0,9,0,0,0,0,0,0,0
126,CAG,0,0,448,0,20,0,0,0,0,0,0,5,0,0,0,0,42,0,429241,124,0,0,0,0,0,0,19,0,0,0,3,0,0,2,2,0,0,0,0,0,0,0,0,0,0,0,0,0,0,0,169,0,0,0,0,0,0,0,0,0,0,0,0,0
127,TAT,0,0,0,2,0,0,0,0,0,0,0,1,0,0,5,0,0,0,1,16,0,0,0,0,0,0,0,0,0,0,0,0,0,0,0,1,0,0,0,0,0,0,0,0,23,0,0,0,0,2,1,430162,0,0,0,1,0,0,0,17,0,0,0,0
128,GAT,0,0,0,78,0,0,0,0,0,0,0,0,0,3,2,0,0,0,0,0,0,0,0,0,0,0,0,0,0,0,0,0,0,2,0,429718,0,0,0,0,0,0,0,2,0,0,0,0,0,0,0,239,0,0,0,0,17,0,0,0,0,0,0,0
129,CAG,0,0,389,0,0,0,0,0,3,0,0,1,0,1,0,0,14,1,428899,537,0,0,2,0,0,0,35,0,0,0,1,0,0,0,4,1,0,0,0,0,0,0,0,0,0,0,0,0,0,0,120,0,21,0,0,0,0,0,0,0,0,0,0,0
130,ATA,0,0,0,0,2,0,0,0,2,0,0,0,430494,0,5,1,0,0,1,0,0,0,0,0,0,0,0,0,0,0,0,0,0,0,0,19,0,0,0,0,0,0,0,0,22,0,0,0,0,4,0,0,0,0,0,0,0,0,0,0,2,0,0,0
131,CTC,0,0,0,0,0,0,0,27,0,0,0,0,1,219,0,0,0,3,0,0,0,9,0,0,0,0,0,0,6296,421569,5,68,0,0,0,0,0,0,0,0,0,0,0,0,0,2,0,0,0,1,0,0,8,0,0,0,0,0,0,0,0,42,0,0
132,ATA,1,0,0,0,15,0,0,0,1,0,0,0,430062,1,60,1,0,0,0,10,0,0,0,0,0,0,0,0,0,1,0,0,0,0,0,0,0,0,0,0,0,0,0,0,5,0,0,0,1,0,4,0,1,0,0,0,0,0,0,0,0,0,0,0
133,GAA,52,0,0,0,0,0,0,0,26,0,0,0,1,0,0,0,0,0,0,0,0,0,0,0,0,0,0,0,0,0,0,0,431038,0,3,21,0,0,0,0,0,0,0,0,4,0,0,0,229,1,0,0,0,0,0,0,0,0,0,0,0,0,0,0
134,ATC,2,1,0,18,0,5,0,0,0,0,0,0,989,427862,1,12,0,0,0,0,0,0,0,0,0,0,0,0,0,0,0,0,0,0,0,0,0,0,0,0,0,0,0,0,0,5,0,0,0,0,0,0,1,0,0,7,0,0,0,0,0,1,0,0
135,TGT,0,0,0,0,0,0,0,0,0,0,0,1,0,1,0,0,0,0,0,0,0,0,0,0,0,0,0,47,1,0,27,0,0,0,0,0,0,0,0,0,0,0,0,1,0,0,7,0,0,0,1,250,0,0,0,2,1,3,1,429705,0,0,0,79
136,GGA,0,0,0,0,0,0,0,0,501,0,0,0,0,0,0,0,0,0,0,0,0,0,0,0,15,0,0,0,0,0,0,0,107,6,0,0,2,0,0,0,422257,0,16,0,1757,0,1,0,0,0,0,0,0,0,0,0,4993,0,14,2,0,0,0,0
137,CAT,0,0,0,659,18,0,0,0,0,0,0,0,5,0,0,0,0,21,0,429361,0,0,0,0,0,0,0,2,0,0,0,1,0,1,0,0,0,0,0,0,0,0,0,0,0,0,0,0,0,0,0,57,0,0,0,1,0,0,0,0,0,0,0,0
138,AAA,430552,0,14,6,0,0,0,0,7,0,0,0,5,0,0,0,0,0,0,1,0,0,0,0,0,0,0,0,0,0,0,0,54,0,0,0,0,0,0,0,0,0,0,0,0,0,0,0,28,0,0,0,0,0,0,0,0,0,0,0,0,0,0,0
139,GCT,1,0,1,0,0,0,0,11,0,2,0,0,0,0,0,0,0,0,0,0,0,0,0,0,0,0,0,0,6,0,0,0,0,0,0,995,1,3,0,428230,0,0,0,0,0,0,0,4,0,0,0,0,0,0,0,379,0,0,0,0,0,0,0,0
140,ATA,2,0,0,0,1,0,0,0,1,0,0,0,430191,1,74,2,0,0,0,0,0,0,0,0,0,0,0,0,2,0,0,0,0,0,0,0,0,0,0,1,0,0,0,0,1,0,0,0,0,0,4,16,0,0,0,0,0,0,0,0,0,0,0,0
141,GGT,0,0,0,0,0,0,0,0,0,0,21,46,1,0,0,0,0,0,0,0,0,0,0,0,0,0,0,5,0,0,0,0,0,0,0,111,0,0,0,0,0,13,0,428334,4,0,0,262,0,0,1,0,0,0,0,0,0,0,0,2029,0,0,0,0
142,ACA,285,0,0,0,429101,0,62,3,0,0,0,0,295,0,0,0,0,0,8,0,0,0,0,0,0,0,0,0,1,0,0,0,0,0,0,0,8,0,0,0,0,0,0,1,1,0,0,0,0,23,0,0,4,0,0,0,0,0,0,0,0,0,0,0
143,GTA,0,0,0,0,0,0,0,0,0,0,0,25,31,0,0,0,0,0,1,0,0,0,0,0,0,0,0,0,0,0,0,0,3,0,0,0,5,0,0,0,0,0,0,0,430978,0,8,0,0,0,0,3,0,0,0,0,0,0,0,0,137,0,0,0
144,TTA,0,0,0,0,0,0,0,0,0,0,0,0,0,0,0,17,0,0,0,0,0,0,0,0,0,0,0,0,4,0,0,0,0,0,0,0,0,0,0,0,0,0,0,0,2,0,0,0,0,0,1,1,5,0,0,0,0,0,0,0,430538,0,60,2
145,GTA,0,0,0,0,0,0,0,0,0,0,0,10,53,0,0,0,0,0,1,0,0,0,0,0,0,0,0,0,0,0,0,0,2,0,0,0,5,0,0,0,2,0,0,0,430391,0,82,6,0,0,7,0,0,0,0,0,0,0,0,0,127,0,0,0
146,GGA,0,0,0,0,0,0,0,0,157,0,14,0,0,0,0,0,0,0,0,0,0,0,0,0,1,0,0,0,0,0,0,0,76,7,0,0,1,0,0,0,427365,0,13,1,2086,0,0,0,0,0,2,1,0,0,0,0,1431,0,0,0,0,0,0,0
147,CCT,0,1,0,0,0,28,0,857,0,0,0,0,0,0,0,0,0,0,0,6568,3,67,2,422621,0,0,0,16,4,0,0,42,0,0,0,0,0,0,0,0,0,0,0,0,0,0,0,0,0,0,1,0,0,0,0,50,0,0,0,0,0,0,0,0
148,ACA,310,0,0,0,430297,0,6,0,2,0,0,0,153,0,0,0,0,6,0,0,0,0,0,1,0,0,0,0,1,0,0,0,0,0,0,0,7,0,0,0,0,0,0,0,0,0,0,0,0,27,1,0,4,0,0,0,0,0,0,0,0,0,0,0
149,CCT,0,0,0,0,0,30,0,406,0,0,0,0,0,0,0,0,0,1,0,7347,8,81,3,421924,0,0,0,61,0,0,7,21,0,1,0,0,0,0,0,1,0,0,0,0,0,0,0,0,0,1,0,0,0,0,0,58,0,0,0,0,0,0,0,0
150,GTC,0,0,0,0,0,0,0,0,0,0,0,0,0,294,0,0,0,0,0,0,0,0,0,1,0,0,0,0,1,5,2,0,0,0,0,0,0,4,0,0,0,0,0,0,3171,426006,2,55,0,0,0,0,7,0,0,0,0,0,0,28,0,221,0,0
151,AAC,105,430867,0,61,8,0,0,0,0,2,0,0,0,0,0,0,28,1,0,0,0,0,0,0,0,0,0,0,0,0,0,0,0,11,0,0,0,0,0,0,0,0,0,0,0,1,0,0,0,0,0,0,2,0,0,0,0,0,0,0,0,0,0,0
152,ATA,0,1,0,0,10,0,0,0,0,0,0,0,431310,1,4,1,0,0,0,16,0,0,0,0,0,0,0,0,0,0,1,0,0,0,0,0,0,0,0,0,0,0,0,0,3,0,0,0,2,0,0,0,0,0,0,0,0,0,0,0,0,0,0,0
153,ATT,0,0,0,13,0,0,0,2,0,0,0,0,1,5,2,430934,0,0,0,0,0,0,0,0,0,0,0,0,0,0,0,0,0,0,0,0,0,0,0,0,0,0,0,0,0,0,0,5,1,0,0,0,0,0,0,0,0,0,0,0,0,0,8,3
154,GGA,1,0,0,0,1,0,0,0,122,0,0,0,0,0,0,1,0,0,0,0,0,0,0,0,15,0,0,0,0,0,0,0,47,0,0,0,1,0,0,0,426423,0,48,8,1216,0,0,0,0,0,0,0,0,0,0,0,3007,0,24,0,0,0,2,0
155,AGA,53,0,25,0,0,0,0,0,430980,0,5,2,266,0,0,0,0,0,0,0,0,0,0,0,1,0,0,0,0,0,0,0,10,0,0,0,0,0,0,0,25,0,0,0,0,0,0,0,1,0,0,0,0,0,0,0,24,0,0,0,0,0,0,0
156,AAT,21,1,0,430586,0,0,0,0,1,0,0,2,0,8,0,0,0,0,0,0,0,0,0,0,0,0,0,0,0,0,0,0,1,0,0,0,0,0,0,0,0,0,0,0,0,0,0,0,0,0,0,9,0,0,0,0,0,0,0,0,0,0,1,0
157,CTG,0,0,0,0,0,0,0,0,0,0,0,0,1,2,1451,0,0,0,4,0,0,0,13,0,0,0,0,0,279,0,429122,51,0,0,0,0,0,0,0,0,0,0,0,0,0,0,0,0,0,0,0,0,0,0,0,29,0,0,0,7,0,0,5,0
158,TTG,0,0,0,0,0,0,0,0,0,0,0,0,0,0,0,0,0,0,0,0,0,0,0,0,0,0,0,0,0,0,6,0,1,0,0,0,0,0,0,0,0,0,0,0,0,0,0,30,0,0,2,0,0,0,3,0,6,0,0,2,81,0,428156,2059
159,ACT,0,0,0,308,4,6,0,430406,0,0,0,1,0,1,0,21,0,0,0,0,0,0,0,0,0,0,0,0,0,6,0,0,0,28,0,0,0,0,0,5,0,0,0,0,0,0,0,0,0,0,0,0,0,0,0,0,2,0,0,0,0,0,1,0
160,CAG,0,0,5453,0,0,0,0,1,4,0,0,0,0,0,0,0,22,0,423844,927,0,0,3,0,0,0,103,0,0,2,2,0,0,0,4,0,0,0,0,0,0,0,0,0,0,0,0,0,0,0,74,0,15,0,0,0,0,0,0,1,0,0,0,0
161,ATT,0,0,0,1,0,0,0,2,1,0,0,0,2,1,2,430996,0,0,0,0,0,0,0,0,0,0,0,0,0,0,0,1,0,0,0,17,0,0,0,0,0,0,0,0,0,0,0,22,0,0,0,0,0,0,0,0,1,0,0,0,0,0,8,1
162,GGT,0,0,0,0,0,0,0,0,0,0,0,175,0,0,0,1,0,0,0,0,0,0,0,0,0,0,0,20,0,1,0,0,0,0,0,33,0,0,0,0,1,24,1,427830,0,0,0,166,0,0,0,0,0,0,0,0,0,0,27,2588,0,0,2,0
163,TGC,0,0,0,0,0,0,0,0,0,0,0,0,0,0,0,0,0,0,0,0,0,0,0,0,0,6,0,0,0,0,0,0,0,0,0,0,8,0,0,0,0,0,0,1,0,0,0,2,0,173,0,0,0,2,0,0,781,428532,1,119,0,624,29,0
164,ACT,0,0,0,68,6,7,0,430755,0,0,0,0,0,0,0,18,0,30,0,0,0,0,0,0,0,0,0,0,0,0,0,6,0,0,0,0,0,0,0,6,0,0,0,0,0,0,0,0,0,0,0,0,0,0,0,0,0,1,0,0,0,0,1,0
165,TTA,0,0,0,0,0,0,0,0,0,0,0,0,1,0,0,0,0,0,0,0,0,0,0,0,0,0,0,0,10,0,0,2,0,0,0,0,0,0,0,0,0,0,0,0,3,0,0,1,5,0,0,0,19,0,0,0,0,0,0,0,430551,0,4,29
166,AAT,21,3,1,430268,0,0,0,0,0,0,0,1,0,0,0,7,0,0,0,0,0,0,0,0,0,0,0,0,0,0,0,0,0,0,0,1,0,0,0,0,0,0,0,0,0,0,0,0,1,0,0,2,0,0,0,0,0,0,0,0,1,0,0,0
167,TTT,0,0,0,0,0,0,0,0,0,0,0,0,0,0,0,2,0,0,0,0,0,0,0,0,0,0,0,0,0,0,0,3,0,0,0,0,0,0,0,0,0,0,0,0,0,0,0,0,0,0,0,3,0,0,0,13,0,0,0,0,1,20,0,429705
168,CCC,0,0,0,0,54,2128,0,0,0,0,0,0,0,0,0,0,0,5202,0,0,14788,407328,92,106,0,33,0,0,0,73,0,1,0,0,0,0,0,4,0,0,0,0,0,0,0,0,0,0,1,0,0,0,0,130,0,0,0,0,0,0,0,2,0,1
